{
  "project_info": {
    "project_number": "721416595591",
    "project_id": "secondary-1c1c4",
    "storage_bucket": "secondary-1c1c4.appspot.com"
  },
  "client": [
    {
      "client_info": {
        "mobilesdk_app_id": "1:721416595591:android:ecbc98dee80a373fa63022",
        "android_client_info": {
          "package_name": "com.example.dwell"
        }
      },
      "oauth_client": [],
      "api_key": [
        {
          "current_key": "AIzaSyCMM0_cAjPdo4v7VeeDiUZIgJtKgxZ49bU"
        }
      ],
      "services": {
        "appinvite_service": {
          "other_platform_oauth_client": []
        }
      }
    }
  ],
  "configuration_version": "1"
}